baseMean,log2FoldChange,lfcSE,stat,pvalue,padj
ABCB6,3.93983613276903,-1.58109748074034,0.67557007732789,-2.34039004065147,0.0192636100509967,NA
ABHD2,66.7002919998567,-0.630418824788136,0.214609985486962,-2.93750928391184,0.00330860265370295,0.79471197219052
ACACB,18.2081094689946,-0.950007157078745,0.381797264647127,-2.48825029680813,0.0128373349888823,0.999483955276918
ADCY7,57.6356264320865,0.631658206279637,0.267066709423557,2.36517013911252,0.0180217895364637,0.999483955276918
AGO2,115.200694041402,-0.460640419694929,0.173908143981837,-2.64875703430564,0.00807883892231672,0.999483955276918
AGPAT4-IT1,3.21933125868516,-1.86262857083922,0.788316772449623,-2.36279200942442,0.0181378459134141,NA
AGPAT5,34.4518422937244,-0.876704192863427,0.301083800943416,-2.91182783702199,0.00359320622014168,0.820881364442256
ALDH1B1,8.15413272994552,-1.13583050422429,0.458131848426029,-2.47926553922541,0.0131653253282191,NA
AMZ1,4.72438676780312,-2.28332525820776,0.765704499293548,-2.98199274042975,0.00286378789551432,NA
ANKRD22,10.4168721478066,-1.44936495308802,0.521539147849925,-2.77901468962226,0.00545240593570074,0.974743860015602
ARAP1,31.9312931416917,0.710595279737304,0.287025163542991,2.47572467502791,0.0132966071637472,0.999483955276918
ARFGEF2,68.2055764450211,-0.419588378534595,0.16485464372828,-2.54520205828219,0.0109214520800366,0.999483955276918
ARHGAP11A-SCG5,2.42063864918547,2.87106642316691,1.07567085654331,2.66909380848445,0.00760562047902383,NA
ARHGEF1,198.756842169019,0.497793602081263,0.16749931866869,2.9719141906833,0.00295949385909421,0.769529573616608
ARHGEF10,3.89167053368937,-1.47988692844953,0.598218950203008,-2.47382154635409,0.0133676450204055,NA
ARHGEF17,2.50213899574626,-1.95123357637865,0.838446207216504,-2.32720186409622,0.0199545238649127,NA
ARHGEF35,12.1821812719951,-1.54434635905321,0.4920111439474,-3.13884426816623,0.00169615563892209,0.681756064929876
ARMC9,14.9456368789726,-1.75714605082625,0.602523140526686,-2.91631297229559,0.00354195006554081,0.820881364442256
ARMCX2,6.8367302110454,-1.77875512784383,0.72054431790645,-2.46862695831398,0.0135632529580185,NA
ASCC3,99.921882484504,-0.365195992697882,0.145208633957068,-2.51497436995279,0.0119041037420189,0.999483955276918
ATN1,9.47149459780387,-0.98041685209123,0.384908701412632,-2.54714130517979,0.0108609444562763,0.999483955276918
BCL2L10,2.57116865746764,-2.56373359589493,0.951995365220637,-2.69301058550926,0.00708100207913441,NA
BEND3,10.0683203543901,-1.58949793283074,0.586542277678078,-2.70994605729535,0.00672941515635494,0.999483955276918
BMPR1A,17.1844891199112,-0.724354874610372,0.298265183879512,-2.42855993176523,0.0151589194929372,0.999483955276918
BMS1P4-AGAP5,17.2583095325866,-0.914773523383206,0.348496088628659,-2.62491761954306,0.00866699340050445,0.999483955276918
C11orf95,4.83254379939784,-2.20182238714539,0.672809354932814,-3.27257992327598,0.00106570737566903,NA
C18orf25,115.724034506278,-0.402681346059867,0.167082718146869,-2.41007179273863,0.0159493816746556,0.999483955276918
C1QTNF1,2.20162266615981,-3.28243162114824,1.11097894967635,-2.95453988764096,0.00313135671717427,NA
C1QTNF1-AS1,3.3003310732968,-2.78040668424789,1.09837429041152,-2.53138361715127,0.0113613514427275,NA
C1QTNF3-AMACR,1.41422971068583,-4.51996335261109,1.70277156209393,-2.65447430132836,0.00794320897338078,NA
C1QTNF6,8.57633771157129,-0.944783439720706,0.404521122904571,-2.33556021237385,0.0195141742910363,NA
C1QTNF8,1.16375067079318,-3.1840122831848,1.33994271348327,-2.37623015606969,0.0174905492642487,NA
C2orf15,4.49810952950463,-1.38644110853286,0.565923244300294,-2.44987482400914,0.0142905885531304,NA
C7orf31,8.37385518745299,-1.29000862688536,0.523203541757202,-2.4655961283305,0.0136785466473972,NA
CACNA1B,5.16224412358366,-2.08674164242235,0.806582641218187,-2.58713929086142,0.00967764620184929,NA
CAMK2G,34.528910097939,0.615700615882766,0.237103434270389,2.59675958628515,0.00941077664058471,0.999483955276918
CCDC116,2.12713577843429,-2.50100438493721,1.00195348869474,-2.4961282266658,0.0125557205480826,NA
CCDC7,40.4964502331871,-0.610539246881569,0.196956870336583,-3.09986265438829,0.00193610398402077,0.681756064929876
CCDC71,7.90564160702315,-1.19438827434742,0.424485478123638,-2.81373176681332,0.00489700711410217,NA
CCNB1,5.40148707609911,-1.35007605132747,0.529788056369976,-2.5483323663013,0.0108239293033501,NA
CD40,2.62035183030453,-2.16727757281818,0.924372673892575,-2.34459286176394,0.0190478665681228,NA
CDK19,26.0841267381692,-1.08446770028794,0.457860923639149,-2.36855264185558,0.0178578388662232,0.999483955276918
CDK5RAP3,40.154499850943,0.567101568817253,0.235420757886074,2.4088851548583,0.0160013323619922,0.999483955276918
CELF1,121.683129058674,0.367882982301499,0.148399628112111,2.47900204994837,0.0131750548928418,0.999483955276918
CFAP157,2.01411236120508,-3.52423683011797,1.06321326594475,-3.31470359052225,0.000917403468725674,NA
CHAF1A,5.52047116746609,-1.58022126899584,0.58193623397385,-2.71545433458411,0.00661849033229994,NA
CHST10,2.93611123983101,-1.57497654679471,0.64224813016851,-2.45228669857158,0.014195151112315,NA
CIRBP,98.5647775863756,0.876968740765097,0.233550804457458,3.75493778667262,0.000173384540126283,0.159643815321275
CKS1B,12.1569965277902,-0.848238805654085,0.354795106108135,-2.39078496588833,0.0168123964795779,0.999483955276918
CLEC4GP1,5.63956664508443,-1.40408448214593,0.486676388427469,-2.88504746795453,0.00391354649128682,NA
CLK2P1,2.00863994165011,-3.59681289603605,1.40953132716254,-2.55177932318583,0.0107174377123542,NA
CLPSL1,1.48846101440032,-3.52616089998941,1.32188339455563,-2.66752794876796,0.0076411533457642,NA
CMTM4,12.6708862419223,-1.14106486889072,0.461625899027075,-2.47183893125502,0.0134420064062374,0.999483955276918
CNOT9,42.6454375079813,0.423341942455619,0.166407876992385,2.54400182315283,0.0109590512590477,0.999483955276918
COL18A1,3.32828016804288,1.79099282663173,0.745602121647674,2.40207581849941,0.0163023291675287,NA
CRB2,2.67126498015391,-2.52065553136315,0.751240467126573,-3.35532448219201,0.000792719423565823,NA
CSNKA2IP,7.08041072582153,-1.68625831963075,0.720854614476372,-2.33924883848547,0.019322558829308,NA
DCAF12L2,2.54424909088281,-2.30105024585283,0.954882911819916,-2.4097721483645,0.0159624860093105,NA
DHRS4L2,2.7258837223704,2.67893573345474,0.807260037537732,3.31855363685028,0.00090484942775493,NA
DLEC1,13.5408231344028,-0.849193956101316,0.346493292393,-2.45082365155324,0.0142529762879126,0.999483955276918
DMC1,3.35975827577017,-1.73055075580809,0.707130712345055,-2.44728552387306,0.0143936762971447,NA
DMRT2,2.16490264447708,-2.31764302903669,0.96160593610002,-2.41017961935254,0.0159446684128288,NA
DMXL1,73.5928993180953,-0.50593285009402,0.192427602710397,-2.62921141752957,0.00855831358136938,0.999483955276918
DNAJB3,1.10272524179576,-3.65221828544143,1.55535013704501,-2.34816469838761,0.0188661770010192,NA
DNAJC25-GNG10,1.67023989340419,3.9126064372242,1.64315626244179,2.3811529838373,0.0172585428654323,NA
DNM1L,40.9879078177285,-0.463949426966672,0.197982043358478,-2.3433914464991,0.0191093221603602,0.999483955276918
DOCK7,25.0272608051352,-0.668716517136404,0.255504754296938,-2.61723708029028,0.00886447489422669,0.999483955276918
DSEL,26.508266300096,-1.39775500233405,0.455827774839265,-3.06641034067511,0.00216645771624824,0.683919751623622
DUSP10,12.4997141700747,-1.2157042910076,0.395221043789611,-3.07601103258751,0.00209790082429322,0.681756064929876
EDF1,59.812182404485,0.620741856009793,0.259696524706731,2.39025861709464,0.0168365124810784,0.999483955276918
EGFL8,1.3934203195583,-4.37612872512605,1.6565968249267,-2.6416377595796,0.00825062462967847,NA
EGR1,7.35336642410541,-1.84918662168153,0.714824316002832,-2.58691063004383,0.00968407057682796,NA
EIF1B-AS1,5.94779416334274,-1.50062772249219,0.628131296707545,-2.38903511154114,0.0168926878449202,NA
EMILIN2,16.4768556133765,-1.07378613223746,0.304424301980486,-3.52726810984455,0.000419871366171689,0.309277248322066
ENDOU,2.02619687518908,-1.92554965962372,0.825595053461949,-2.33231734074636,0.0196840029449667,NA
EVA1A,4.28381902355761,-2.27452180702706,0.842609828589741,-2.69937725605917,0.00694693767101242,NA
EXOC7,44.7227431237349,0.511345748259784,0.169702083194391,3.01319664811685,0.00258511345450233,0.732382527148621
F2,1.71652767533954,-2.52914032603167,1.05797465526267,-2.39054906792994,0.0168232009891207,NA
FADS1,14.1490846009361,-0.958338277103882,0.377303150662113,-2.53996892266109,0.0110862319262108,0.999483955276918
FAM124A,12.1252486794208,-1.45333515735738,0.539473748806655,-2.69398679837942,0.00706029611127155,0.999483955276918
FAM189B,4.96789456613828,-1.42181171934087,0.568613060983136,-2.50049078521438,0.0124021359416059,NA
FAM238C,6.75267115262816,-2.12592083711256,0.626247663504232,-3.39469663681739,0.000687046825963989,NA
FAM47C,4.2795903883376,-2.67731201493135,0.905553916444058,-2.95654622691562,0.00311105593030773,NA
FAM86HP,3.02754560404044,-1.84252392158871,0.719444391768856,-2.56103729860011,0.0104360151403091,NA
FAM98B,31.6698195202845,-0.571249530249931,0.242837103837397,-2.35239805294515,0.0186528020929367,0.999483955276918
FBXL19-AS1,5.36186512289218,-1.56418672797734,0.618934146836701,-2.52722641976002,0.011496735690869,NA
FBXO28,44.8163953665157,-0.62230151357654,0.255807031747889,-2.43269901270677,0.0149867531047244,0.999483955276918
FBXO42,34.8511044835959,-0.538239551719545,0.225459118375682,-2.38730442839166,0.0169724303935263,0.999483955276918
FBXW8,10.8527231330674,-1.27659680538252,0.374837822816769,-3.40573103266198,0.000659871546019867,0.405051150665195
FFAR3,2.44386717326214,-4.12594183093415,1.29995364472203,-3.17391458355916,0.00150397943414158,NA
FKBP15,46.7522739039363,-0.704649129921307,0.267916679507074,-2.63010549107191,0.00853583764852993,0.999483955276918
FKBP4,24.9738581789441,-0.787767422045978,0.282452840305845,-2.78902283720344,0.00528673369517139,0.973552009965811
FLJ20021,3.3099365101249,-1.95216112125219,0.72547422880278,-2.69087590399145,0.00712646983259079,NA
FLJ40288,4.31451121907055,-2.21686054178459,0.877994228836185,-2.52491470783712,0.0115726372495445,NA
FNDC4,1.84762637407139,-2.85165416933135,1.18516322141154,-2.40612779557486,0.0161226236718869,NA
GCSH,11.6818319807285,-1.12977356691477,0.383799792723632,-2.9436534055877,0.00324363026232721,0.79471197219052
GIMAP6,92.7721267411544,0.57200617887839,0.201669220346346,2.83635835898026,0.00456312135768072,0.900320140732397
GIMAP8,38.8364453222703,0.547668794434406,0.197515711589949,2.77278597244654,0.00555786615811231,0.974743860015602
GNA12,8.93230320866992,-1.21558322437456,0.467752990737814,-2.59877167745554,0.00935579791397584,0.999483955276918
GNB4,19.5053859091835,-1.24786320092968,0.402673506830962,-3.0989453732637,0.0019421082506644,0.681756064929876
GNG11,5.72170735199467,-1.84206269494999,0.739341191260373,-2.4914920428142,0.0127207816448006,NA
GOLGA6A,1.24738552297359,3.46211020793283,1.48460041607424,2.33201484416107,0.0196999102638745,NA
GPAA1,17.3323077903321,0.701128825061731,0.297250471211725,2.35871392298764,0.0183383867058054,0.999483955276918
GPATCH11,21.7348488227981,-0.764076861475716,0.307916001273429,-2.48144577844532,0.0130850616289935,0.999483955276918
GPBP1L1,53.591193060502,0.534757487929288,0.214709867186111,2.49060508926568,0.0127525776274661,0.999483955276918
GZF1,16.4171966534401,-1.27519079099182,0.354873522747456,-3.59336695823122,0.000326432357098912,0.257625079541848
H2BC20P,6.09672065108778,-1.43461613104126,0.51188534265376,-2.80261224828943,0.00506905732844967,NA
H3-2,9.34991355113969,-1.26492901221599,0.506182577278769,-2.49895802225401,0.0124559064613087,0.999483955276918
HARS2,17.1961666096664,0.81741054721164,0.318165506419326,2.56913628510796,0.0101952353019141,0.999483955276918
HAX1,24.4846395660621,0.743217213474082,0.246583587445881,3.01405791509623,0.00257778592266961,0.732382527148621
HGSNAT,26.9303947452698,-0.665905156662654,0.281692342831148,-2.36394482707615,0.0180815051609741,0.999483955276918
HINT3,21.9879312522173,-0.664006849586856,0.273175371816,-2.43069807198471,0.0150697666073294,0.999483955276918
HLA-F,91.7662093062658,0.542901918592299,0.230365710253702,2.35669587281197,0.0184383407270598,0.999483955276918
HLA-G,1.59049464861171,-2.91236209773958,1.22573892425182,-2.37600523253126,0.0175012146286981,NA
HNRNPH1,244.919938715601,0.76549659827538,0.287243655790383,2.6649730388963,0.00769944953273703,0.999483955276918
HOXC13-AS,1.22939948459721,-3.75979804435905,1.51183064738503,-2.48691746715299,0.0128855288556677,NA
HS3ST3B1,51.4851506688179,0.526038433449372,0.216630289930277,2.42827738271818,0.0151707354655763,0.999483955276918
HSF2,21.1134337296392,0.750124086598457,0.294016572684569,2.55129865554625,0.0107322315267408,0.999483955276918
HSPBAP1,10.4142466466563,0.990556228857717,0.367708696355995,2.69386130563177,0.00706295482706479,0.999483955276918
HTR1A,2.29158578176754,-2.97296694556205,1.08360728778857,-2.74358338031234,0.00607726123159123,NA
IFT22,10.1448776311315,-1.83024228756594,0.607384888734414,-3.01331548004025,0.00258410131877013,0.732382527148621
IGF2R,57.3525841899267,-0.572787654562215,0.185805036765512,-3.08273480920262,0.0020510784531339,0.681756064929876
ING1,16.1168744716677,0.722742283568013,0.269392579089448,2.68285891916881,0.00729957766890644,0.999483955276918
IPCEF1,112.9836354697,0.453736564769809,0.191801928673131,2.36565173201709,0.0179983664202866,0.999483955276918
IRX3,0.947463689933264,-3.80927653322877,1.51977629660925,-2.50647186808189,0.0121942760957987,NA
JPH4,2.43894322940129,-2.9697120384042,1.08509695366619,-2.73681722943789,0.00620367493077238,NA
KIAA0754,16.5466381460008,-0.998067167726239,0.347408508353343,-2.87289212476951,0.00406732973355248,0.847923136340025
KIAA0825,22.9521113131918,-1.0288603342245,0.354605536566662,-2.9014220820861,0.00371473148901374,0.820881364442256
KIDINS220,74.9773290913959,-0.489295586221851,0.156707127932845,-3.12235692579046,0.00179409284423365,0.681756064929876
KIF9,6.2260992063434,-2.22593678210683,0.780004486640244,-2.85374869020912,0.00432066956072102,NA
KLF5,4.52368228734054,-1.32507543480643,0.558785814655378,-2.37134766139984,0.0177233511766322,NA
KPNA2,7.37283316822336,1.26202171128785,0.483362827223902,2.61092007951049,0.00902989936982102,NA
KRTAP1-3,1.46714800820581,-4.02995077106907,1.48752905887544,-2.70915767797886,0.00674542738130747,NA
LDB1,39.4316361935212,0.469954870154973,0.197379190340637,2.38097475901043,0.0172668950397244,0.999483955276918
LEF1-AS1,3.73020514386245,-2.27262410677027,0.87990127708537,-2.58281714773528,0.00979972460965821,NA
LILRA5,3.68103747969081,-2.1315657430301,0.763946776723192,-2.79020189360972,0.0052675183304013,NA
LINC00537,16.4133624499751,-1.36920827579227,0.424008124963956,-3.2292029213088,0.0012413577925377,0.668344896224597
LINC00554,2.93830407024628,-2.64331239661528,1.0194116565705,-2.59297839060219,0.00951487488240089,NA
LINC00638,5.10952613660907,-2.06219695391632,0.64968755784166,-3.17413644301145,0.00150283027123495,NA
LINC01135,1.75169789461108,-2.5557320986166,1.05234199687533,-2.42861361249975,0.0151566755243951,NA
LINC01297-DUXAP10-NBEAP6,37.8482845138622,-1.39743836834551,0.45188957300164,-3.09243331078242,0.00198522834286583,0.681756064929876
LINC01509,1.30445262019188,-3.2619187973465,1.36238425550204,-2.39427223573166,0.0166533830092759,NA
LINC02043,5.1173981009901,-1.74412492349983,0.690946240037913,-2.52425561126742,0.0115943589915399,NA
LINC02210,26.5338421329314,-0.605627789870355,0.247941011732256,-2.44262853345277,0.014580736479426,0.999483955276918
LINC02418,6.94288503172533,-2.00373669757129,0.692333394180708,-2.89417889475412,0.00380151508434725,NA
LINC02421,9.02701757843665,-1.63503066098434,0.482338245258863,-3.38980098935933,0.000699433793947913,0.406739157333184
LOC100132249,33.7578682189372,-1.14586970200419,0.407819029147213,-2.80975045328391,0.00495799262134317,0.928489160563063
LOC100287467,3.28733396831615,-2.32997923892696,0.973597706236706,-2.39316426487192,0.0167037608255789,NA
LOC100506679,3.784776279604,-2.24748013028306,0.864664442296107,-2.59925124747226,0.00934273642254865,NA
LOC101927124,3.92206314721666,-1.89602146224166,0.753208218185386,-2.51726072082633,0.0118271273807729,NA
LOC101927692,5.70129062590382,-1.29839948212849,0.551005789339642,-2.35641713253969,0.0184521841440415,NA
LOC101928222,3.30717004910095,-1.88885694277421,0.743701440209508,-2.53980541202408,0.0110914159071824,NA
LOC101928797,1.48493985824967,2.39467604820634,1.02843082608605,2.32847556438955,0.0198868652990978,NA
LOC101929657,4.0712280351529,-2.41807770073878,0.875643013477186,-2.76148803053492,0.0057538625628944,NA
LOC112268173,2.11162543899819,-3.67169837998852,1.2187727488795,-3.01261936104509,0.0025900355832291,NA
LOC148696,5.91445051217831,-1.09051173697916,0.460890801837848,-2.36609568390308,0.0179767976666649,NA
LOC257396,6.37012365861808,-1.40607774951341,0.600560424110882,-2.34127606992266,0.0192179506699619,NA
LOC283028,2.92527335559076,-2.49388489992411,0.932851994672254,-2.67339826056791,0.00750870484672763,NA
LOC730268,10.1828673764922,-1.68897082937074,0.670681296280517,-2.51829123420838,0.0117925768354615,0.999483955276918
LONP2,104.972901126388,0.349482126862352,0.137469170742677,2.5422582021429,0.0110138777494894,0.999483955276918
LOXL1,2.84510077647477,-2.02265236700665,0.855479470379933,-2.36434939357266,0.0180617694642223,NA
LRRC20,4.20738548432344,-1.60460073559394,0.638543266283124,-2.51290839684851,0.0119740421931153,NA
LRRN3,29.6336328347814,-0.957134888807292,0.397415801940314,-2.40839665693776,0.0160227618603961,0.999483955276918
LSMEM2,2.28594569660059,-2.48176298112588,0.928797546493197,-2.67201715863281,0.00753967930221765,NA
LYRM7,54.3921975807997,-0.558551099519003,0.208099753466046,-2.68405459504851,0.00727352276950654,0.999483955276918
LYZL6,1.832106786878,-3.41036330418248,1.26858069376872,-2.6883298168845,0.00718104295781374,NA
MAFIP,15.9117458994346,-1.06865819086244,0.345030363997371,-3.09728737633823,0.00195300443402627,0.681756064929876
MAIP1,11.3046238658802,-0.79207258462362,0.315727049626607,-2.50872576664039,0.0121167510899256,0.999483955276918
MALINC1,6.4856829221872,-1.29263305480609,0.539581188440716,-2.39562290624244,0.0165921504846661,NA
MAP1A,12.7794165589378,-1.13570361051498,0.431188679982443,-2.63389013496648,0.00844127968481083,0.999483955276918
MAP3K5-AS1,2.0662865094012,-2.07628846121742,0.793122029542878,-2.61786759650858,0.00884811296086814,NA
MCCC2,29.8491899581238,-0.651341234823432,0.277103478306156,-2.3505343159345,0.0187464789895481,0.999483955276918
MESP2,1.76876123565972,-2.99401781926701,1.22808535948635,-2.43795579528712,0.0147705801109523,NA
METTL3,18.3203888557071,0.701311391394978,0.296458528085296,2.36563068677586,0.0179993894350787,0.999483955276918
MFSD4B,25.5238629477276,-0.737906045467256,0.302480394067914,-2.43951694039905,0.0147069131035702,0.999483955276918
MMS22L,44.2599837112342,-0.68766329868341,0.238372423995259,-2.88482739386451,0.00391628315877365,0.832134858101731
MPG,11.4177519056599,1.04855344012806,0.401884133662045,2.60909389622685,0.00907823285750148,0.999483955276918
MPIG6B,2.84718369704508,-2.6545590137926,0.936214885538716,-2.83541637160053,0.00457659953942008,NA
MRPS36,11.2008977825538,1.06436242995131,0.366213589516059,2.90639796124943,0.00365616123491564,0.820881364442256
MS4A12,1.5355460414887,-2.68184095150662,1.06714164367213,-2.51310682832895,0.0119673090041181,NA
MTRNR2L1,123.370289856692,1.78319127363507,0.708033133314964,2.51851387983255,0.0117851238527444,0.999483955276918
MYBL1,28.8434640331493,-0.766634225992826,0.27945581794144,-2.74331102368917,0.006082304577409,0.999483955276918
NAB2,5.44053903608588,-1.28020174959403,0.490855095399696,-2.60810524652206,0.00910449564726443,NA
NAGLU,5.56336754055594,-1.81941963906816,0.534602012640419,-3.40331610440818,0.000665732109251465,NA
NCAPG2,19.0737798530649,-1.00646553530056,0.408907323165666,-2.4613536571288,0.0138413852242506,0.999483955276918
NCOA6,42.2998837909423,-0.529668716380113,0.217095115120923,-2.43980025107928,0.0146953850242707,0.999483955276918
NCS1,3.64160310971914,-2.77840942115912,1.12125389449777,-2.47794851352879,0.0132140211794691,NA
NDUFAF2,4.41402623767701,1.61407351243958,0.548795269006876,2.94112140463688,0.00327026334175846,NA
NECAP1,25.0071463624818,0.630828857860136,0.257753099382641,2.44741521778426,0.0143884972355679,0.999483955276918
NEK5,22.1684297371939,-0.889452581968685,0.357424263342128,-2.48850644232089,0.012828091301266,0.999483955276918
NPAS4,2.09325508905877,-2.12029275761418,0.899970764325536,-2.35595737290776,0.0184750376220486,NA
NSF,45.4765075154681,-0.825320271415894,0.228479503394866,-3.61222892711539,0.000303576379883282,0.257625079541848
OLFM1,3.47403940369243,-3.12038881465966,0.995533289895874,-3.13438922267083,0.00172212263122553,NA
OPA1-AS1,1.57378134407658,-2.85417160775026,1.01360932022883,-2.81584980602378,0.00486484039355501,NA
OR2Z1,3.45653568483761,-2.3571748631163,0.853655840946892,-2.7612707019045,0.00575769312398826,NA
OSBPL5,2.46994526752709,-1.87372527596213,0.74549654051789,-2.51339231522183,0.0119576277342338,NA
OSGEP,11.8832619587274,0.872720560860084,0.373322606570204,2.33771152751225,0.0194022177757607,0.999483955276918
PAX5,5.46534245957841,-1.66988350805235,0.690567987308249,-2.41813049365545,0.0156004810312094,NA
PCBP3,2.62246862436027,-2.42120816752074,0.818303700082028,-2.95881366206463,0.00308825777645203,NA
PHLDB3,5.84682976565024,1.33672572938123,0.478872744008087,2.79140073455226,0.0052480452395865,NA
PJVK,5.35424017773584,-1.69498907074046,0.543490002731083,-3.1187125103001,0.00181643100122065,NA
PLAGL2,29.7867721556165,-0.524527925457825,0.221634515986409,-2.36663465130129,0.0179506431542846,0.999483955276918
PLVAP,2.51047916933636,-2.34453442055702,0.99717134373068,-2.35118511507311,0.0187137212558389,NA
PMS2,25.7210124731702,-0.737284296385001,0.282926413244895,-2.6059224655947,0.00916272002758272,0.999483955276918
POU5F1P5,5.235451126259,-1.73492887284876,0.709431881113899,-2.44551861712882,0.0144643980670618,NA
PPARA,23.6433584091223,-0.922374521972821,0.375806118883738,-2.45438931306537,0.0141124103203381,0.999483955276918
PPOX,7.02508551379167,1.11908957732012,0.41724122043575,2.68211653717097,0.00731579697904615,NA
PPP2R2A,29.5032279525043,-0.510704666022134,0.215874675548902,-2.36574607338064,0.0179937810872859,0.999483955276918
PRRG3,410.121193014896,-1.77841547351085,0.351670585594564,-5.05704925677566,4.25793289461315e-07,0.00470459005525807
PRSS16,3.25181243020764,-2.2070809366698,0.866708505068403,-2.54650891708466,0.0108806431622247,NA
PTDSS2,1.88735124096563,2.23228608292349,0.856005759376073,2.60779329866958,0.00911279639003307,NA
PTOV1-AS1,4.21602529859299,-1.18835560479241,0.50961305927396,-2.33187824206358,0.0197070974059942,NA
RAB12,19.6379959975,-1.19505883727193,0.37402471410672,-3.19513334867745,0.00139766246622812,0.668344896224597
RAB23,8.92246853074603,-1.81536572731411,0.780044483026255,-2.32725923561594,0.0199514719914869,0.999483955276918
RABAC1,19.5512472877602,0.756496566523518,0.291459727942771,2.59554406319921,0.00944412927088083,0.999483955276918
RAD54B,19.4996004142124,-1.18103545127563,0.470938622677902,-2.50783306869142,0.0121474038982917,0.999483955276918
RBMXL1,35.7841647320915,-0.580146276476099,0.248956687437383,-2.33031007300021,0.0197897687579001,0.999483955276918
RDH13,10.4877564181989,0.887846337639083,0.365036585149115,2.43221193096688,0.0150069235986028,0.999483955276918
REEP5,51.5834082316446,0.416012370422321,0.175515345248856,2.37023361024345,0.0177768491144469,0.999483955276918
RIOX1,30.6906947029766,-0.661270138384592,0.266368972639309,-2.48253440268368,0.0130451470554586,0.999483955276918
RNA18SN1,115412.233871623,-0.908716936179395,0.21185385625356,-4.28935754226625,1.79190705640824e-05,0.0226002004800662
RNA18SN2,115483.825008864,-0.908531161062563,0.211664176575992,-4.29232369765878,1.76812930055249e-05,0.0226002004800662
RNA18SN3,115430.144887638,-0.907522821051944,0.211871637881603,-4.28336152080478,1.8409069085039e-05,0.0226002004800662
RNA18SN4,115404.621309391,-0.908323522550888,0.211860603264774,-4.28736399572933,1.80805888358819e-05,0.0226002004800662
RNA18SN5,115412.068453368,-0.907900933404943,0.211768121674843,-4.28724080954437,1.80906148176582e-05,0.0226002004800662
RNA45SN1,3815.78733996616,-0.743528546942549,0.162445703705973,-4.57708963659843,4.71489468017369e-06,0.0173649571070797
RNA45SN4,3599.49167731541,-0.780238994530651,0.184761398016524,-4.22295459390749,2.41120410338654e-05,0.0266413941383179
RNA45SN5,3817.34362854271,-0.743504859487151,0.161697410649078,-4.59812471023878,4.26310797467712e-06,0.0173649571070797
RNASEH2C,28.9560688967439,0.59558501352012,0.247078869887102,2.41050565672516,0.015930424283185,0.999483955276918
RNF138P1,10.872330161604,-1.69946269855613,0.388732275342532,-4.37180755587799,1.23222115968087e-05,0.0226002004800662
RNF157,27.9693815637483,-0.603043100881137,0.256156861320339,-2.35419460471526,0.018562890051476,0.999483955276918
RNF165,8.59694051077107,-1.47226117626112,0.591983067476184,-2.48699879633019,0.0128825834896034,NA
RNF170,29.8716369022022,-0.644627859919015,0.235761773351874,-2.73423401408213,0.00625255894326694,0.999483955276918
RNF19B,7.33173907336601,-1.05296729503203,0.425191748283019,-2.47645279872917,0.0132695169648723,NA
RNFT2,5.01838640404854,-1.91019149963716,0.639727613583196,-2.98594504767105,0.00282703439730201,NA
RNU4-2,7.54488113002538,1.9071878989001,0.652268401098115,2.92393115424462,0.00345641183234144,NA
RXFP4,3.01104807889268,-1.64761320628288,0.706331704367676,-2.33263379810745,0.0196673734813735,NA
SEC24B-AS1,3.62259512340426,-1.58267625300538,0.58579438000153,-2.70176073215527,0.00689733776510558,NA
SET,126.892123884334,0.546281092440544,0.185376652436337,2.94687106095063,0.00321007024587418,0.79471197219052
SF3A2,18.2477366973311,0.842553553681623,0.294753633351098,2.8585009931939,0.00425647776273207,0.855087687280484
SHISA2,4.87600085390268,-2.04678937973622,0.804265233790802,-2.54491838480812,0.0109303282196794,NA
SHKBP1,36.2674935447324,0.716522171069666,0.254685835632921,2.81335697090902,0.00490271914339123,0.928489160563063
SKA1,8.03194341118844,-1.72445358003103,0.734089517367132,-2.34910530559803,0.0188185837358687,NA
SLAIN2,52.9499486024266,0.438690927384329,0.184383428577323,2.37923185814044,0.0173487598743284,0.999483955276918
SLC1A6,5.77752451043743,-1.76733529144112,0.739569684810191,-2.38968055037937,0.0168630330520174,NA
SLC4A9,2.54256847957619,-2.3958817558081,1.00667631569978,-2.37999217667361,0.0173130056097461,NA
SLC9A7P1,5.93842180975794,-1.79558741416086,0.713956522371852,-2.51498145600757,0.011903864485635,NA
SMAD2,181.049683369373,-0.559987518352019,0.187464699811397,-2.98716248400583,0.00281580022759962,0.762389376235513
SOCS7,22.3829816025947,-0.918889508977529,0.378778050164651,-2.42593125071027,0.0152691624879458,0.999483955276918
SOGA1,13.5737647927948,-1.53026506787374,0.653767100968395,-2.34068839745382,0.0192482243766444,0.999483955276918
SOGA3,17.3266055146991,-1.26509903845904,0.324520957235333,-3.89835851969839,9.68469578370116e-05,0.0972783670128311
SOWAHA,2.97046013644979,-2.79403610537988,1.12087580410443,-2.49272586235573,0.0126766677231104,NA
SPDL1,21.0212064317271,-1.13307394062402,0.415357869001189,-2.72794624873418,0.00637299917771767,0.999483955276918
SPRR2F,1.19545488959517,-3.74978585787767,1.47399902432904,-2.5439540976525,0.0109605487074125,NA
SPTBN4,3.13124567704874,-2.10176378927228,0.825831095717225,-2.5450286386309,0.0109268776175368,NA
SPTLC1,33.924852214634,0.726275705486549,0.276761876643803,2.62418984252401,0.00868553584391104,0.999483955276918
SPTY2D1,39.617165630743,-0.514857225871648,0.196921711618361,-2.61452747714002,0.00893509732785848,0.999483955276918
SRSF1,136.197549528149,0.439483075462906,0.144161324277947,3.04855048789347,0.00229948270088958,0.705749565614695
SRSF11,161.312218368598,0.32950378338507,0.134946123506359,2.44174322924914,0.0146165384948578,0.999483955276918
SSTR1,3.2313330990879,-2.71988835072642,1.00626894011919,-2.70294375816099,0.0068728374486743,NA
STAG2,172.866538246031,-0.687041588263211,0.249106473043474,-2.75802382759964,0.00581519589284046,0.999483955276918
STAU2,36.4685517592492,-0.662616766855209,0.191054548632545,-3.46820722980859,0.000523943084083022,0.361815446002082
SUPT4H1,17.9748555162361,0.883888953952832,0.321070247482933,2.7529456898675,0.00590616932307512,0.999483955276918
SYNDIG1L,2.66550347545334,-2.70590646733753,1.07884241928639,-2.5081572794731,0.0121362634481774,NA
SYNGR1,6.47622097978846,-1.46109404468363,0.578302196676807,-2.5265234216293,0.0115197706853463,NA
SYNPO2L,5.47702696577511,-1.57334474105551,0.670112131137435,-2.34788279147394,0.0188804615409971,NA
TBC1D4,135.394240273922,0.437977290747323,0.186337025252433,2.35045767288594,0.0187503400885139,0.999483955276918
TBC1D7,14.2890458373118,-0.860439404894568,0.342441435294921,-2.51266148371774,0.0119824251538381,0.999483955276918
TIMD4,3.49580416173462,1.72421921285341,0.727745055388534,2.36926269726817,0.0178235887491234,NA
TMC4,1.50983923623247,-2.58319285499969,1.03784420869762,-2.48899866988833,0.0128103445015491,NA
TMEM155,6.74344633460397,-1.65286393098465,0.697474679121458,-2.3697834207639,0.0177985078110482,NA
TNFAIP1,17.505742800492,-0.794203677460777,0.286052172389602,-2.77642945629888,0.00549595601845843,0.974743860015602
TOMM70,41.8922135560682,-0.545761482898684,0.205312113702666,-2.65820400489889,0.00785583238780736,0.999483955276918
TRH,1.07164871717538,-3.99996651743203,1.51168570211171,-2.64603052859757,0.00814424660340422,NA
TRIM45,5.58619027923113,-1.90946763444582,0.744721572709223,-2.56400204374283,0.0103472935288812,NA
TRIML1,3.24812905381695,-2.1408967618851,0.914996795981319,-2.33978607497639,0.0192947882787626,NA
TRIP4,19.7275609318828,-0.714375658490641,0.276554418362422,-2.58312871195737,0.00979087883788134,0.999483955276918
TRPC4AP,50.7304831703164,0.605040354223334,0.189805558000936,3.18768512679881,0.00143416618085708,0.668344896224597
TUBGCP6,69.548222374252,0.55827232788893,0.225585438828658,2.47477111460622,0.0133321587779778,0.999483955276918
UBE2E1,5.31919703562449,1.263234212246,0.503889578793746,2.50696633827998,0.0121772307830718,NA
UGT1A4,3.27245549952438,-2.7719491526423,1.16921740887581,-2.37077307573406,0.017750925755011,NA
USP17L11,15.4802479640233,-4.55024183005698,1.46250755703397,-3.11126038848309,0.00186290591015396,0.681756064929876
USP19,27.4762494991345,0.563808804647796,0.229624328711669,2.455353088286,0.0140746268909803,0.999483955276918
VCL,72.4140894114367,-0.506938293927339,0.176934355025824,-2.8651207610492,0.00416850241742178,0.852921911298023
VGLL2,1.85133119852976,-2.54034738413778,0.979940895585117,-2.59234755441139,0.0095323417241084,NA
VN1R10P,4.71789409079083,-2.37992445133986,0.803618998444519,-2.96150844609999,0.00306136096871973,NA
VWA8,43.5758499892059,-0.699674997993524,0.268842030004072,-2.60255064278054,0.00925331476657468,0.999483955276918
WARS1,17.8144281391104,-0.809103832195339,0.272584396761037,-2.96826906385491,0.00299482049647155,0.769529573616608
WHAMMP3,14.0944911036018,-0.926252785744339,0.328056986731088,-2.82345087350204,0.00475097063412763,0.92093814976274
XRCC4,10.4153103629054,-1.22599972073273,0.38468353338849,-3.18703457341544,0.00143739591802435,0.668344896224597
YBX1,72.0077131187542,0.55668472832834,0.224307527384392,2.48179245172793,0.0130723390950849,0.999483955276918
YIPF7,2.22810764398139,-2.39075028770026,0.967445144887725,-2.47119984045991,0.013466054391751,NA
YOD1,26.814880036556,-0.857655005541539,0.269350351949594,-3.18416144376169,0.00145174020358316,0.668344896224597
ZAP70,165.951593152115,0.415586979897088,0.161683953111548,2.57036627259089,0.0101591040767364,0.999483955276918
ZBTB11-AS1,12.6633848786013,-1.03600843630427,0.327898280969476,-3.15954213984033,0.00158017247366043,0.681756064929876
ZCWPW1,5.5439514842185,-1.21308111039136,0.50011796276043,-2.42558996220749,0.0152835272708564,NA
ZFAND4,22.7381465853969,-0.775258487179215,0.304259558584526,-2.5480168668681,0.0108337232902655,0.999483955276918
ZFP1,22.4017731659484,-0.897250355873815,0.310731658483387,-2.88754084554209,0.00388266190919933,0.832134858101731
ZNF266,51.3275167410632,0.450508829645275,0.190216596208518,2.36839917559781,0.0178652490134705,0.999483955276918
ZNF273,27.0894074918308,-1.05267393798003,0.388076146922524,-2.71254480938295,0.00667687534587792,0.999483955276918
ZNF302,68.3914909052263,-0.748004166776713,0.297205649811864,-2.51678986334955,0.0118429439169671,0.999483955276918
ZNF506,49.1660782518455,0.682255524765444,0.200140823341515,3.40887737631249,0.000652307937721767,0.405051150665195
ZNF529-AS1,6.33557936232881,-1.65428629188147,0.608764822991585,-2.71744724629783,0.00657876419761069,NA
ZNF570,36.6324710993482,-0.745723271748325,0.273618589421694,-2.72541157866667,0.00642213754680026,0.999483955276918
ZNF730,6.02422111172342,-2.19916492822168,0.74622337770399,-2.94705981336065,0.00320811142603062,NA
ZNF818P,11.1420161377846,-1.7303574319458,0.579542669760712,-2.98572913131702,0.00282903108205775,0.762389376235513
ZNF853,2.56757709071251,-2.66068649165736,1.05529655172372,-2.521269009466,0.0116932419885222,NA
